{
  "project_info": {
    "project_number": "171258057958",
    "project_id": "greenage-9b8ca",
    "storage_bucket": "greenage-9b8ca.firebasestorage.app"
  },
  "client": [
    {
      "client_info": {
        "mobilesdk_app_id": "1:171258057958:android:443a1c2fada88b4edf1727",
        "android_client_info": {
          "package_name": "com.example.mirandaabel01"
        }
      },
      "oauth_client": [],
      "api_key": [
        {
          "current_key": "AIzaSyDC0DDL7FF7x9Ls1vKxLWelbZChhZc120I"
        }
      ],
      "services": {
        "appinvite_service": {
          "other_platform_oauth_client": []
        }
      }
    }
  ],
  "configuration_version": "1"
}